artist,lot,address,image,title,date,type,size,estimate_price,hammer_price,auction_house
/artist/8595/marlene-dumas/,22,/artist/8595/marlene-dumas/print-multiple/20906190/doornrosie,https://imgprivate2.artprice.com/lots/NjM4MjExODEzNjU0Njk3NDgyMS0=/NzE1MDMwMDE5ODkyNjg0MzUxLQ==/OTYzODE0NDg2MDkxMjYzMjkyNTEt/NjM0MDQ2NzgxODc2NTU4OTMwMDEt/sml,Doornrosie,(1989),"Print-Multiple, Lithograph,","13 1/6 , 16 3/4","1198,1797",1198,"Strauss & Co,South Africa"
/artist/8595/marlene-dumas/,24,/artist/8595/marlene-dumas/print-multiple/20906196/a-long-silence,https://imgprivate2.artprice.com/lots/NjM4MjExODEzNjU0Njk3NDgyMS0=/NTQwNjMyNjA4MjQ2NjIwNjExLQ==/NDMxNzQ2Nzk1MTMyOTcxMDU4Ni0=/MTY2NTc1ODA5MTAzODE1NzM2Mi0=/sml,A Long Silence,(1989),"Print-Multiple, Lithograph,","9 7/8 , 9 7/8","478,718",898,"Strauss & Co,South Africa"
/artist/8595/marlene-dumas/,88,/artist/8595/marlene-dumas/print-multiple/20906388/the-king,https://imgprivate2.artprice.com/lots/NjM4MjExODEzNjU0Njk3NDgyMS0=/MzUyNzAwMTUwNTk1ODU2NTct/MzY0MTUwNjQ5NjE1MDU3Nzc3NS0=/OTM1NTM2MDAwNzY0NzE5MzE4NDEt/sml,The King,(1974),"Print-Multiple, Lithograph,","13 , 16 1/2","1198,1797",,"Strauss & Co,South Africa"
/artist/8595/marlene-dumas/,1413,/artist/8595/marlene-dumas/print-multiple/20864070/semite,https://imgprivate2.artprice.com/lots/NjM4MjExODEzNjU0Njk3NDgyMS0=/MjY4NzYyOTM1Mzk2NTE0NzUt/OTEzOTE0ODA0Njk5NDE2MDA1NDEt/MDE5NjMzMjMwNjI3NjA2MDEzLQ==/sml,"""Semite""",(2004),"Print-Multiple, Screenprint,","17 3/4 , 13 3/4","1127,1352",1127,"Bernaerts Veilinghuis,Belgium"
/artist/8595/marlene-dumas/,1,/artist/8595/marlene-dumas/print-multiple/20753598/faceless,,Faceless,(1993),"Print-Multiple, Lithograph,","11 , 7 7/8","2539,5078",,"Webb's,New Zealand"
/artist/8595/marlene-dumas/,30,/artist/8595/marlene-dumas/drawing-watercolor/20687085/chained-to-the-bed-for-15-years,https://imgprivate2.artprice.com/lots/NjM4MjExODEzNjU0Njk3NDgyMS0=/MjMyMjUwNTMxNjk0NjMwOTQt/MzU1MTk2NTc4ODgwNTg1NTM2NS0=/NDI0MDc4MDY1NjcwNjU3MzA3Ni0=/sml,"""Chained to the Bed for 15 Years""",(1986/87),"Drawing-Watercolor, Gouache,","46 5/8 , 114 7/8","391748,522330",339515,"Phillips,United Kingdom"
/artist/8595/marlene-dumas/,116,/artist/8595/marlene-dumas/drawing-watercolor/20632860/the-portrait-painter-s-dilemma,https://imgprivate2.artprice.com/lots/NjM4MjExODEzNjU0Njk3NDgyMS0=/NTk3NjI2OTY3ODM4MzA3NTIxLQ==/OTA3MzY0Njg0MDYyODg2NjkzNDEt/MzMzOTc3MDc3Mjk1NzUwNzcyNS0=/sml,The Portrait Painter's Dilemma,(2003),"Drawing-Watercolor, Ink,","11 3/4 , 9 1/4","10446,15669",16975,"Christie's,United Kingdom"
/artist/8595/marlene-dumas/,117,/artist/8595/marlene-dumas/drawing-watercolor/20596578/goddesses,https://imgprivate2.artprice.com/lots/NjM4MjExODEzNjU0Njk3NDgyMS0=/NTI1MDUwMzk2NTIwMjUxMDExLQ==/NjI0NzgyNzAwNjA2MjgwMzE5OS0=/MDYyNDg2MTg3MTgxMjQ4Njg5LQ==/sml,Goddesses,(1993),Drawing-Watercolor,(12),"103754,155632",220479,"Sotheby's,United Kingdom"
/artist/8595/marlene-dumas/,120,/artist/8595/marlene-dumas/drawing-watercolor/20596587/magdalena-for-kiel,https://imgprivate2.artprice.com/lots/NjM4MjExODEzNjU0Njk3NDgyMS0=/NjA2MDg0MjI0MjcyNzYxNzIxLQ==/ODU5MTUwNjQ3MDU3NTU3MTM2MzEt/MTQxMzc1ODYxNTA5ODk5MjMyMi0=/sml,"""Magdalena (For Kiel)""",(1995),"Drawing-Watercolor, Watercolour/paper,","18 1/2 , 14 7/8","38908,51877",,"Sotheby's,United Kingdom"
/artist/8595/marlene-dumas/,22,/artist/8595/marlene-dumas/painting/20595315/cathedral,https://imgprivate2.artprice.com/lots/NjM4MjExODEzNjU0Njk3NDgyMS0=/MDE0NDc4NzQ5NDk1ODM5Mi0=/NTA4NjUwNjIxODczNTg0MDcwOC0=/NTQxMTQwMDE3MjI0OTI4NzQ1OC0=/sml,"""Cathedral""",(2001),"Painting, Oil/canvas,","90 1/2 , 23 3/4","2849242,3626308",3367286,"Sotheby's,United Kingdom"
/artist/8595/marlene-dumas/,26,/artist/8595/marlene-dumas/print-multiple/20577228/a-long-silence,https://imgprivate2.artprice.com/lots/NjM4MjExODEzNjU0Njk3NDgyMS0=/NDc1NTIyMTM5NDc0NDg1OTkt/NzIwOTc4MjI3OTgyODkyOTM0MTEt/MDU4MzMxMTk5NDA4OTgwMTI5LQ==/sml,A long silence,(1989),"Print-Multiple, Lithograph in colors,","10 , 9 7/8","441,662",530,"Van Ham Kunstauktionen,Germany"
/artist/8595/marlene-dumas/,274,/artist/8595/marlene-dumas/print-multiple/20247870/alan-turing,https://imgprivate2.artprice.com/lots/NjM4MjExODEzNjU0Njk3NDgyMS0=/Mzk0NTU1MTg5NTc0ODU4MDgt/MzQ2MzAwMjEyODIzMDM1NDk0NS0=/MTY3NTYyNTAyOTUwNjI3OTM2Mi0=/sml,Alan Turing,(2015),"Print-Multiple, Print,","17 1/3 , 13 3/4","1308,1962",,"Bonhams,United Kingdom"
/artist/8595/marlene-dumas/,262,/artist/8595/marlene-dumas/print-multiple/20139903/billie,https://imgprivate2.artprice.com/lots/NjM4MjExODEzNjU0Njk3NDgyMS0=/MTk2MTM4NTA1NDQ3NDI4OTMt/ODYwNzk2OTE0MTAxNzc3NzU2MzEt/MDgwNzUwMDU3OTExODUyMTcyMS0=/sml,Billie,(1994),"Print-Multiple, Lithograph in colors,","26 , 20 1/2","2217,3326",8871,"Adams Amsterdam Auctions,Netherlands"
/artist/8595/marlene-dumas/,263,/artist/8595/marlene-dumas/print-multiple/20139906/dorothy-d-lite,https://imgprivate2.artprice.com/lots/NjM4MjExODEzNjU0Njk3NDgyMS0=/MDEyODM4MTIwMjM3MTE1Mi0=/NjY4Mjk2OTE3MjM3MTQ0MzA2MDEt/OTkzMDYyNjA1OTEzNzAwNTM2NTEt/sml,Dorothy D-lite,(1999),"Print-Multiple, Lithograph in colors,","39 1/6 , 21 5/8","4435,6653",7762,"Adams Amsterdam Auctions,Netherlands"
/artist/8595/marlene-dumas/,264,/artist/8595/marlene-dumas/print-multiple/20139909/leeftijd-onbepaald-age-indefinite,https://imgprivate2.artprice.com/lots/NjM4MjExODEzNjU0Njk3NDgyMS0=/MDE0NDk2ODYzMzc2OTQ4Mi0=/MTA3NzgyNzI5Mjc0MDEwMDE3MS0=/MDE5NDAwODgyNjQ4MDQzNTAzLQ==/sml,Leeftijd onbepaald [Age indefinite],(2003),"Print-Multiple, Offset lithograph,","17 3/4 , 13 3/4","3326,5544",4879,"Adams Amsterdam Auctions,Netherlands"
/artist/8595/marlene-dumas/,731,/artist/8595/marlene-dumas/drawing-watercolor/19982205/back,https://imgprivate2.artprice.com/lots/NjM4MjExODEzNjU0Njk3NDgyMS0=/MjI3OTIwNDY0NDk4NjA2NTQt/ODU2MTk2NTExNjgzMDk3NDg1MzEt/MjgyOTcyMDkzODA5MTUzMTU0NC0=/sml,"""Back""",(1993),"Drawing-Watercolor, Indian ink,","9 5/8 , 7 5/8","13224,16530",,"Grisebach,Germany"
/artist/8595/marlene-dumas/,522,/artist/8595/marlene-dumas/print-multiple/20060193/sexual-organs-flying-in-the-air,https://imgprivate2.artprice.com/lots/NjM4MjExODEzNjU0Njk3NDgyMS0=/MzA0MjczOTI2NjEwMTkzMTYt/NDQ0OTUwODM5NzMwODc3OTUwNy0=/OTM1MzQwNzQzOTA0OTQ1MDI3NDEt/sml,Sexual organs flying in the air,(1989),"Print-Multiple, Lithograph,","5 1/3 , 10 7/8","330,550",715,"Van Ham Kunstauktionen,Germany"
/artist/8595/marlene-dumas/,214,/artist/8595/marlene-dumas/drawing-watercolor/19947639/shadow-of-doubt-memory-schets-naar-twee-tekeningen-een-op-een-sketch-after-two-drawings-one-on-one,https://imgprivate2.artprice.com/lots/NjM4MjExODEzNjU0Njk3NDgyMS0=/ODUyODU1MjU0ODI3Mjk0MDcxLQ==/MzkwNTQ2OTAzOTIxMjc0NjkxNi0=/ODI4NDk3OTE1MzAwMjAxMTMwMzEt/sml,"Shadow of Doubt - Memory (Schets naar twee tekeningen één-op-
                ...",(1992),"Drawing-Watercolor, Ink,","8 1/2 , 15","5510,7714",12122,"Christie's,Netherlands"
/artist/8595/marlene-dumas/,232,/artist/8595/marlene-dumas/drawing-watercolor/19947699/copy-of-a-model-naomi-campbell,https://imgprivate2.artprice.com/lots/NjM4MjExODEzNjU0Njk3NDgyMS0=/NjA2NTU1MDg4NDY1NjIyMTIxLQ==/NzczNzQwNTE0NTU4Mjg1NjcyMjEt/MDQ2OTE4Nzk4MjA4MDQ3NzM3LQ==/sml,Copy of a Model (Naomi Campbell),(1996),"Drawing-Watercolor, Watercolour,","9 7/8 , 7 7/8","16530,22040",33061,"Christie's,Netherlands"
/artist/8595/marlene-dumas/,45,/artist/8595/marlene-dumas/painting/19947105/the-edge,https://imgprivate2.artprice.com/lots/NjM4MjExODEzNjU0Njk3NDgyMS0=/MzYxODM4MzM5OTcxNjUyMjct/MzU3NTk1NzI4NzExNTY2Mzc2NS0=/NTg1MjExNTM5MTUyODU1NDAyOS0=/sml,The Edge,(1991),"Painting, Oil/canvas,","23 5/8 , 19 5/8","110088,165132",209168,"Christie's,Netherlands"
/artist/8595/marlene-dumas/,46,/artist/8595/marlene-dumas/drawing-watercolor/19947108/schetsen-na-evidence-of-virtue,https://imgprivate2.artprice.com/lots/NjM4MjExODEzNjU0Njk3NDgyMS0=/MDI1MzkxNzc2MTEzNzc5NC0=/NzM5NjgwMDgyODI4MzYxNjM3MTEt/MjQyNDkxNjgxMDgwMDg5MzE4My0=/sml,Schetsen ná 'Evidence of Virtue',(1992),"Drawing-Watercolor, Ink,","18 1/8 , 19 5/8","16513,22017",,"Christie's,Netherlands"
/artist/8595/marlene-dumas/,63,/artist/8595/marlene-dumas/print-multiple/20088546/imitating-the-fathers,https://imgprivate2.artprice.com/lots/NjM4MjExODEzNjU0Njk3NDgyMS0=/OTQ5OTYyMzAzNDQ0ODczMjkxLQ==/MjYwODYwNTM0NzI0MTg4ODMxNC0=/ODkwMjAwMDQ4Mjg4MjgxMzEwNDEt/sml,Imitating the Fathers,(1989),"Print-Multiple, Lithograph,","19 1/2 , 24 3/4","1084,1219",1897,"Strauss & Co,South Africa"
/artist/8595/marlene-dumas/,444,/artist/8595/marlene-dumas/painting/19895346/blue-movie,https://imgprivate2.artprice.com/lots/NjM4MjExODEzNjU0Njk3NDgyMS0=/MTg4MjQwMDg4OTUyMDk1NzMt/MDk5NDgwMDM4MjUwNzEzODc1MS0=/NTkxMzkxODgzMDMwMTQyMjAzOS0=/sml,"""Blue Movie""",(2008),"Painting, Oil/canvas,","15 3/4 , 19 5/8","500000,700000",1200000,"Sotheby's,United States"
/artist/8595/marlene-dumas/,497,/artist/8595/marlene-dumas/drawing-watercolor/19895502/the-boy-next-door,https://imgprivate2.artprice.com/lots/NjM4MjExODEzNjU0Njk3NDgyMS0=/MTM5MDQ4NDg0MjEyMTQ3NzIt/MDYxMDIwNTk3NTQ2NDgwODY5LQ==/NzIxMzUwMzIzNjA0OTc0NjQzMTEt/sml,"""The Boy Next Door""",(2001),"Drawing-Watercolor, Ink,","90 1/4 , 35 3/8","400000,600000",360000,"Sotheby's,United States"
/artist/8595/marlene-dumas/,49,/artist/8595/marlene-dumas/painting/19877796/thumbsucker,https://imgprivate2.artprice.com/lots/NjM4MjExODEzNjU0Njk3NDgyMS0=/ODA0NDg4MjE4NDI5MjM4OTUxLQ==/MzEwMzc1MjgwODE2MDQ0NDI5NC0=/NTIxNzE3NDk3OTYzMDMxMTAyOC0=/sml,Thumbsucker,(1994),"Painting, Oil/canvas,","78 3/4 , 39 3/8","1200000,1800000",1600000,"Sotheby's,United States"
/artist/8595/marlene-dumas/,480,/artist/8595/marlene-dumas/drawing-watercolor/19912644/little-boy?p=2,https://imgprivate2.artprice.com/lots/MDM0MDQ0NDAwNjAxMjM0ODYt/Mzk3NjY4NDQ2OTYyNTMyOTct/MDM2MzEzMjU4MzUwOTEwNjc1LQ==/NTgxMDUwODM4MzU1NjU1NjMxOS0=/sml,"""Little Boy""",(1991),"Drawing-Watercolor, Watercolour/paper,","13 , 7 1/2","12000,18000",16000,"Phillips,United States"
/artist/8595/marlene-dumas/,183,/artist/8595/marlene-dumas/print-multiple/19819131/a-long-silence?p=2,https://imgprivate2.artprice.com/lots/MDM0MDQ0NDAwNjAxMjM0ODYt/OTY5OTY2OTEyOTMyMTI3MTkxLQ==/MzMwNjcxMTE3MjkxNDM1NjQyNS0=/MDUxMzkxNDcxNTkxNzkzNzA4LQ==/sml,A Long Silence,(1989),"Print-Multiple, Lithograph,","9 7/8 , 9 7/8","547,1095",1369,"Russell Kaplan Auctioneers,South Africa"
/artist/8595/marlene-dumas/,65,/artist/8595/marlene-dumas/drawing-watercolor/19702521/the-muse?p=2,https://imgprivate2.artprice.com/lots/MDM0MDQ0NDAwNjAxMjM0ODYt/ODM0MTAwMTQ5MTM2NjQwMzYxLQ==/NDk2OTEzMDUwMjM2MDEyNDg4Ny0=/MTc4ODUwNTQxODgxMDAwODA4Mi0=/sml,The Muse,(1986),"Drawing-Watercolor, Watercolour/paper,","12 3/8 , 9 1/2","8866,11082",8866,"Venduehuis der Notarissen te's-Gravenhage,Netherlands"
/artist/8595/marlene-dumas/,619,/artist/8595/marlene-dumas/print-multiple/19673493/schets-voor-een-monument-voor-de-vrede?p=2,https://imgprivate2.artprice.com/lots/MDM0MDQ0NDAwNjAxMjM0ODYt/Mjc5NDEyNjc5Mjc5NTI0NDUt/Nzg1MDAwMDUwNDA3MTQyNTU0MjEt/MTQ5MTk1MTI1NTY3NTQ5MTQzMi0=/sml,Schets voor een monument voor de Vrede,(1993),"Print-Multiple, Lithograph,","7 1/2 , 7 1/2","1101,1651",936,"Van Ham Kunstauktionen,Germany"
/artist/8595/marlene-dumas/,620,/artist/8595/marlene-dumas/print-multiple/19673496/lovesick-artist-unable-to-work-reflects-on-the-sex-of-the-angels?p=2,https://imgprivate2.artprice.com/lots/MDM0MDQ0NDAwNjAxMjM0ODYt/MzUyOTEwMzQ2MzM0OTY3ODYt/MDU0NzU1NzE4Mzg1MDA2ODY4LQ==/MDc4NTY0ODk1MDAxNzYxMzMyMS0=/sml,"""Lovesick artist (unable to work) reflects on the sex of the 
                ...",(1989),"Print-Multiple, Lithograph,","19 7/8 , 25 5/8","550,770",440,"Van Ham Kunstauktionen,Germany"
/artist/8595/marlene-dumas/,621,/artist/8595/marlene-dumas/print-multiple/19673499/dornrosie?p=2,https://imgprivate2.artprice.com/lots/MDM0MDQ0NDAwNjAxMjM0ODYt/ODM1NzYyMTM4Mzg3Njk5MjYxLQ==/NDQ3NTY4NDE4NTAxMDkxMTAxNy0=/MTgyNTAwNTI3MTI5OTU4NDY4Mi0=/sml,"""Dornrosie""",(1989),"Print-Multiple, Lithograph,","20 1/8 , 25 3/8","440,660",605,"Van Ham Kunstauktionen,Germany"
/artist/8595/marlene-dumas/,162,/artist/8595/marlene-dumas/drawing-watercolor/19599972/look-at-the-sky-before-you-die?p=2,https://imgprivate2.artprice.com/lots/MDM0MDQ0NDAwNjAxMjM0ODYt/Mjc2MTAwMzg0NTM5NDkzMzUt/MDIwMjU1MjM5NTEyMDAyMTIzLQ==/NTg4NzQ4MTQ0MTE3NjAxNzMyOS0=/sml,"""Look at the Sky Before You Die""",(c.1985),"Drawing-Watercolor, Ink/paper,","9 1/2 , 12 1/2","14797,22196",11098,"Sotheby's,United Kingdom"
/artist/8595/marlene-dumas/,179,/artist/8595/marlene-dumas/drawing-watercolor/19600023/therese-schwartze-ik-stel-me-voor?p=2,https://imgprivate2.artprice.com/lots/MDM0MDQ0NDAwNjAxMjM0ODYt/NDk3NDkwNDk3NTM5ODkyNjkt/NTc0NzU1NzE0NTk3MjcyOTExOS0=/MDE0MjEwNDg2MzYwMjU4MjIyLQ==/sml,"""Thérèse Schwartze, Ik Stel Me Voor""",(1989),"Drawing-Watercolor, Indian ink,","12 1/8 , 9 1/2","12331,18497",18497,"Sotheby's,United Kingdom"
/artist/8595/marlene-dumas/,295,/artist/8595/marlene-dumas/drawing-watercolor/19610601/and-they-tried-to-become-one?p=2,https://imgprivate2.artprice.com/lots/MDM0MDQ0NDAwNjAxMjM0ODYt/MzEyODAwMDI3OTYxMjUyMTYt/NTcxNDM5MTg2NjI0NTk1NjYwOS0=/Mzg0MDM4MTYzMjU2Nzc4MDMwNi0=/sml,« ...and they tried to become one »,(1993),Drawing-Watercolor,(5),"6570,8760",16426,"Van Ham Kunstauktionen,Germany"
/artist/8595/marlene-dumas/,296,/artist/8595/marlene-dumas/print-multiple/19610604/lonely-at-the-top?p=2,https://imgprivate2.artprice.com/lots/MDM0MDQ0NDAwNjAxMjM0ODYt/NTM5ODkyNjQ4Nzk3Mzk3NTAxLQ==/NDg4MzcxMjU2NzAyOTA3ODQ3Ny0=/NjA0MTg0MzU1NjUzMTEyODg0OS0=/sml,Lonely at the top,(1989),"Print-Multiple, Lithograph in colors,","17 1/8 , 16 1/2","437,656",525,"Van Ham Kunstauktionen,Germany"
/artist/8595/marlene-dumas/,297,/artist/8595/marlene-dumas/print-multiple/19610607/imitating-the-fathers?p=2,https://imgprivate2.artprice.com/lots/MDM0MDQ0NDAwNjAxMjM0ODYt/OTIwNTAwNTIyNDgyNzQ0MDgxLQ==/Njg1MDk3OTAwMjc5MTAwMDc4MDEt/OTgxOTM1MjMzNDI5NTY1MDI0NTEt/sml,Imitating the fathers,(1989),"Print-Multiple, Lithograph,","14 5/8 , 17 1/3","328,547",383,"Van Ham Kunstauktionen,Germany"
/artist/8595/marlene-dumas/,232,/artist/8595/marlene-dumas/painting/19490784/the-haircut?p=2,https://imgprivate2.artprice.com/lots/MDM0MDQ0NDAwNjAxMjM0ODYt/Mjk1MDEwMjUwMjY0OTc3NjUt/ODU0NDk3MTE3MTExNzE4NzU1MzEt/NTcxMzg0OTExMzAwMDIzMTY5OC0=/sml,"""The Haircut""",(1993),"Painting, Oil/canvas,","9 7/8 , 8","40000,60000",65000,"Sotheby's,United States"
/artist/8595/marlene-dumas/,289,/artist/8595/marlene-dumas/print-multiple/19463727/alan-turing?p=2,https://imgprivate2.artprice.com/lots/MDM0MDQ0NDAwNjAxMjM0ODYt/MDEwNTY4ODg3MTM3OTE5MS0=/OTA2NzAwMTExNTMzNjEyNjgzNDEt/OTk3NjU1OTMwMzY3MDQyODM2NTEt/sml,Alan Turing,(2015),"Print-Multiple, Print,","17 3/8 , 13 3/4","1873,2497",,"Bonhams,United Kingdom"
/artist/8595/marlene-dumas/,175,/artist/8595/marlene-dumas/print-multiple/19386129/purple-pose?p=2,https://imgprivate2.artprice.com/lots/MDM0MDQ0NDAwNjAxMjM0ODYt/ODMyOTQyMjQ4MzM5NjgzODUxLQ==/MjY5NjcxMTg1NTc4NjY2ODcyNC0=/MTQ5NDY4MDU2ODA3MDcyMTQzMi0=/sml,"""Purple Pose""",(1999),"Print-Multiple, Lithograph in colors,","47 7/8 , 26 3/4","3743,6238",4991,"Christie's,United Kingdom"
/artist/8595/marlene-dumas/,176,/artist/8595/marlene-dumas/print-multiple/19386351/dorothy-d-lite?p=2,https://imgprivate2.artprice.com/lots/MDM0MDQ0NDAwNjAxMjM0ODYt/MTMyNzc5MzcyODg2MjYxNTIt/OTMzMzY4ODI3MjU5MTIyOTA4NDEt/OTkwMjMxMzExMzA3MTgzMjE1NTEt/sml,"""Dorothy D-Lite""",(1999),"Print-Multiple, Lithograph in colors,","48 , 26 3/4","3743,6238",4991,"Christie's,United Kingdom"
/artist/8595/marlene-dumas/,177,/artist/8595/marlene-dumas/print-multiple/19386414/snow-flake?p=2,https://imgprivate2.artprice.com/lots/MDM0MDQ0NDAwNjAxMjM0ODYt/MTc4NjkwOTI5ODcwMDA5MzMt/OTg1Mjk3NTc0NjA1ODcxMzM2NTEt/OTU2NTAwNTAzMjQyMzg5Mzg5NDEt/sml,"""Snow flake""",(1999),"Print-Multiple, Lithograph in colors,","48 1/6 , 26 3/4","6238,8733",5989,"Christie's,United Kingdom"
/artist/8595/marlene-dumas/,201,/artist/8595/marlene-dumas/print-multiple/19337499/the-supermodel?p=2,https://imgprivate2.artprice.com/lots/MDM0MDQ0NDAwNjAxMjM0ODYt/OTI1MDIyMzUxODUyNTQ1NTcxLQ==/NTMyMjk3NTg5NTc2Mzc1NTQ0OC0=/OTE5Mjg2OTIyNTE5NDE2MzkzNDEt/sml,The Supermodel,(1995),"Print-Multiple, Lithograph in colors,","26 1/8 , 20 3/8","6172,8642",10494,"Phillips,United Kingdom"
/artist/8595/marlene-dumas/,36,/artist/8595/marlene-dumas/drawing-watercolor/19212267/old-thrills-cheap-thrills?p=2,,"""Old Thrills, Cheap Thrills""",(1989),"Drawing-Watercolor, Ink/paper,","12 1/2 , 9 3/8","12386,18579",,"Phillips,United Kingdom"
/artist/8595/marlene-dumas/,23,/artist/8595/marlene-dumas/print-multiple/18987498/a-long-silence?p=2,https://imgprivate2.artprice.com/lots/MDM0MDQ0NDAwNjAxMjM0ODYt/MTM0MjU1MjkzMDE0NjA4NDIt/MDQ1MjM5NTM2NTE4OTQ1NzE3LQ==/NjEwMDE0MDQyNzUzOTE3MTI1OS0=/sml,A long silence,(1989),"Print-Multiple, Lithograph in colors,","10 , 9 7/8","454,681",545,"Van Ham Kunstauktionen,Germany"
/artist/8595/marlene-dumas/,117,/artist/8595/marlene-dumas/drawing-watercolor/18912867/strobe-lights-flash-lights?p=2,https://imgprivate2.artprice.com/lots/MDM0MDQ0NDAwNjAxMjM0ODYt/MDA3NzMyNDMwOTYzODIzMS0=/NjQ1NDk3MTQ3OTQ1MTg2MTQyMDEt/NDYxNTg2MzE5NTc2NTg0MjAyNy0=/sml,"""Strobe Lights + Flash Lights""",(2000),"Drawing-Watercolor, Indian ink,","26 1/6 , 8 7/8","101531,152297",69803,"Phillips,United Kingdom"
/artist/8595/marlene-dumas/,18,/artist/8595/marlene-dumas/painting/18950481/losing-her-meaning?p=2,https://imgprivate2.artprice.com/lots/MDM0MDQ0NDAwNjAxMjM0ODYt/MzczOTg2MzY2NjA2NjgwOTYt/MDA5MzY4ODA4OTkwMjE0ODQxLQ==/NjczMjI4ODY2NDU1MDE2NTA1MDEt/sml,"""Losing (Her Meaning)""",(1988),"Painting, Oil/canvas,","19 5/8 , 27 1/2","507263,760894",1268158,"Phillips,United Kingdom"
/artist/8595/marlene-dumas/,198,/artist/8595/marlene-dumas/painting/18938751/both-sides?p=2,https://imgprivate2.artprice.com/lots/MDM0MDQ0NDAwNjAxMjM0ODYt/MzA5NDgwNjg2MDYzMDIxNzUt/OTg0MTI2OTk5Mzk0NDE2NDE2NTEt/Nzg5NTQwNDc5MTQ4ODYxMDIzMjEt/sml,Both Sides,(2001),"Painting, Oil/canvas,","15 3/4 , 15 3/4","317040,443856",,"Sotheby's,United Kingdom"
/artist/8595/marlene-dumas/,236024,/artist/8595/marlene-dumas/print-multiple/19347312/before?p=2,https://imgprivate2.artprice.com/lots/MDM0MDQ0NDAwNjAxMjM0ODYt/MDYxNTM3MzE5MzM3NTg1MTEt/MzI5OTY4NjA4MTU4ODYyNTMyNS0=/MDE0MDgyNzYyMzc2MzYzMDIyLQ==/sml,Before,(1993),"Print-Multiple, Lithograph,","26 , 19 7/8",1569,,"Kunstveiling.nl Online Auctions,Netherlands"
/artist/8595/marlene-dumas/,236025,/artist/8595/marlene-dumas/print-multiple/19347315/after?p=2,https://imgprivate2.artprice.com/lots/MDM0MDQ0NDAwNjAxMjM0ODYt/ODE0NDY2Mjg2NTk0Mjg1NDUxLQ==/MDc2MTQyNjA5MTE4ODg5NzAyMS0=/Njg5NDIwOTUyMDAxMTk3NDk3MDEt/sml,After,(1993),"Print-Multiple, Lithograph,","25 3/4 , 21 7/8",2129,,"Kunstveiling.nl Online Auctions,Netherlands"
/artist/8595/marlene-dumas/,677,/artist/8595/marlene-dumas/drawing-watercolor/18764898/naomi-cambell-as-maria-magdalena?p=2,https://imgprivate2.artprice.com/lots/MDM0MDQ0NDAwNjAxMjM0ODYt/MTA0Mzc2NzQ3MTA5NzQ4ODEt/NTYwODk3MzI2NzQ2MDYzOTk4OC0=/MTQ0OTAwMjMxNzEwODIzODUyMi0=/sml,"""Naomi Cambell as Maria Magdalena""",(1996),"Drawing-Watercolor, Watercolour,","12 3/4 , 9 1/2","20413,27217",34022,"Ketterer Kunst GmbH,Germany"
/artist/8595/marlene-dumas/,31,/artist/8595/marlene-dumas/photography/18789120/united-europe?p=3,https://imgprivate2.artprice.com/lots/MjA2MTg4OTQzMjA0ODk5NDE0LQ==/NjAzNTk3MzM4MTk5MTE3OTAxLQ==/ODg2NzAwMzE3MTQ4Mjg4ODYwNDEt/MDA1Nzk1MTEzNTA2NDYxMDkt/sml,United Europe,(2003/05),"Photography, Pigment print,","11 , 9 1/6","1270,1906",7625,"Phillips,United Kingdom"
/artist/8595/marlene-dumas/,334,/artist/8595/marlene-dumas/drawing-watercolor/18771492/mother-child-exposed?p=3,https://imgprivate2.artprice.com/lots/MjA2MTg4OTQzMjA0ODk5NDE0LQ==/MTA3NTAwMDA0NDg0ODI0OTEt/ODA2MzQ2MjU2NjQ2NjM4Mzk3MjEt/MjExNzMwOTEwNDE4MzAxMDAzMy0=/sml,Mother + child exposed,(1990),"Drawing-Watercolor, Ink,","11 5/8 , 9 1/4","33894,39543",,"Dorotheum,Austria"
/artist/8595/marlene-dumas/,610,/artist/8595/marlene-dumas/print-multiple/18711285/amy-back-to-amy-winehouse-i-said-i-get-no-idea-amy-back-to?p=3,https://imgprivate2.artprice.com/lots/MjA2MTg4OTQzMjA0ODk5NDE0LQ==/Njg2OTAwNzc0NzY5ODM4MzIxLQ==/NzI0MTczNjE1NTY3MTcwMDk0MTEt/Nzk5NTc3NDg5MTgzODE5NzU0MjEt/sml,"Amy - Back to (Amy Winehouse) I Said ""I Get No Idea"", Amy-Bac
                ...",(2015),"Print-Multiple, Print,","15 3/4 , 18 1/2","2012,3018",1811,"Germann Auktionshaus,Switzerland"
/artist/8595/marlene-dumas/,12,/artist/8595/marlene-dumas/photography/18794199/united-europe-not-going-to-teel-you-where-i-come-from-nor-where-i-am-going-to?p=3,https://imgprivate2.artprice.com/lots/MjA2MTg4OTQzMjA0ODk5NDE0LQ==/NzEyNDYwNjk3NjEzOTY2OTIxLQ==/MDY5NDU1NTM3NDQ3MDQ4MTAxMS0=/ODg0NDM3NDI5NjQyMzE2ODg3MzEt/sml,"United Europe, 'Not going to teel you where I come from, nor 
                ...",(2005),"Photography, Pigment print,","14 5/8 , 11","3791,6318",,"Simon de Pury,United Kingdom"
/artist/8595/marlene-dumas/,804,/artist/8595/marlene-dumas/print-multiple/18710775/barbie-with-pearl-necklace?p=3,https://imgprivate2.artprice.com/lots/MjA2MTg4OTQzMjA0ODk5NDE0LQ==/Njg1ODc4Mzk1MzQ3MTQ2MzIxLQ==/MTk0NjczMTE1NzgwNjY2ODgwMy0=/NDU1MTEzNjMzMDI2NzA5MDkwNy0=/sml,Barbie (with pearl necklace),(1997),"Print-Multiple, Lithograph in colors,","19 5/8 , 15","4463,5579",7253,"Lempertz,Germany"
/artist/8595/marlene-dumas/,1016,/artist/8595/marlene-dumas/drawing-watercolor/18649182/cultivated-emotion?p=3,https://imgprivate2.artprice.com/lots/MjA2MTg4OTQzMjA0ODk5NDE0LQ==/NDk1Mzg0Mzg5NDA2NDc3ODgt/NzQ5MDczNzI1MjMwMjUxNTg4MTEt/MzA2MTc2NDA3MzIxNTMyOTY3NC0=/sml,Cultivated Emotion,(1986),"Drawing-Watercolor, Watercolour,","8 7/8 , 10 7/8","6697,8930",8372,"Van Ham Kunstauktionen,Germany"
/artist/8595/marlene-dumas/,1017,/artist/8595/marlene-dumas/drawing-watercolor/18649185/you-could-ask-yourself-would-jesus-have-done-the-sametitle?p=3,https://imgprivate2.artprice.com/lots/MjA2MTg4OTQzMjA0ODk5NDE0LQ==/ODU5OTI0NDE5NzE3MjcxNDUxLQ==/ODM3NTAwNTIxNDEzMjQyODgyMzEt/MDU3NTAwMDUxMjk4MDA2NTk4LQ==/sml,You could ask yourself would - Jesus have done the same?,(1994),"Drawing-Watercolor, Mixed media/paper,","11 , 9 5/8","6698,8930",10047,"Van Ham Kunstauktionen,Germany"
/artist/8595/marlene-dumas/,1018,/artist/8595/marlene-dumas/drawing-watercolor/18649188/mother-baby?p=3,https://imgprivate2.artprice.com/lots/MjA2MTg4OTQzMjA0ODk5NDE0LQ==/ODQ4MDkwODc5NzA5MDUwMjUxLQ==/OTMzMDE5MzQ2MTc2ODY2MzA4NDEt/NjA3MzY2Mzk1MTI5Mzk5MDY0OS0=/sml,« Mother + baby »,(1989),"Drawing-Watercolor, Watercolour/paper,","11 3/4 , 8 1/4","4465,6698",6698,"Van Ham Kunstauktionen,Germany"
/artist/8595/marlene-dumas/,1019,/artist/8595/marlene-dumas/drawing-watercolor/18649191/ohne-titel?p=3,https://imgprivate2.artprice.com/lots/MjA2MTg4OTQzMjA0ODk5NDE0LQ==/NTk2NTEzMzQxNTc3NjE5NjAxLQ==/Mzk3NDM3NzAxNTk1Mzk3NTAzNi0=/MDg1MzE2MjE0MDM2ODA4ODIzMS0=/sml,Ohne Titel,(1991),"Drawing-Watercolor, Watercolour/paper,","10 7/8 , 7 5/8","4465,6698",6698,"Van Ham Kunstauktionen,Germany"
/artist/8595/marlene-dumas/,317,/artist/8595/marlene-dumas/print-multiple/18690180/the-magic-gardens-exotische-dood?p=3,https://imgprivate2.artprice.com/lots/MjA2MTg4OTQzMjA0ODk5NDE0LQ==/MjM4NTM4OTUxMDkxOTY4MjQt/NjkxMTU1ODkwODcwNDUxNjY5MDEt/MjEwNjIwNDMxMzI2ODkxMTgyMy0=/sml,The Magic Gardens. Exotische dood,(1984),"Print-Multiple, Lithograph in colors,","10 3/8 , 15","780,1114",613,"Adams Amsterdam Auctions,Netherlands"
/artist/8595/marlene-dumas/,318,/artist/8595/marlene-dumas/print-multiple/18690186/magdalena?p=3,https://imgprivate2.artprice.com/lots/MjA2MTg4OTQzMjA0ODk5NDE0LQ==/MDU5NjAwNjkyMjQ5NTM2MDEt/MjI2ODI4OTk1NTY3OTc3ODk1My0=/MzA5OTAwNzQ0MTI5MjA5NzI4NC0=/sml,Magdalena,(1995),"Print-Multiple, Lithograph in colors,","19 1/4 , 14 3/4","2232,3348",2679,"Adams Amsterdam Auctions,Netherlands"
/artist/8595/marlene-dumas/,319,/artist/8595/marlene-dumas/print-multiple/18690189/supermodel?p=3,https://imgprivate2.artprice.com/lots/MjA2MTg4OTQzMjA0ODk5NDE0LQ==/MzExNzg2NDQzMDAyMjYwNjUt/MTYzNDczMzQ5MjU3NTI2Mzk1Mi0=/MDU1MTI2NTI1NDUwNzI2ODU4LQ==/sml,Supermodel,(1995),"Print-Multiple, Lithograph in colors,","25 5/8 , 21 5/8","7813,11162",8372,"Adams Amsterdam Auctions,Netherlands"
/artist/8595/marlene-dumas/,320,/artist/8595/marlene-dumas/print-multiple/18690192/portrait-of-a-young-nelson-mandela-would-you-trust-this-man-with-your-daughtertitle?p=3,https://imgprivate2.artprice.com/lots/MjA2MTg4OTQzMjA0ODk5NDE0LQ==/MzUzMDYwMTQxMDE0ODk0MzYt/MTcxMTE5MjAyODYxNzQ4NDE3Mi0=/ODc5NzgwMjQ2MTAwNDkxNjA3MzEt/sml,"Portrait of a young Nelson Mandela. 'Would you trust this man
                ...",(2008),"Print-Multiple, Offset lithograph in colors,","17 3/4 , 13 3/4","4464,5580",2902,"Adams Amsterdam Auctions,Netherlands"
/artist/8595/marlene-dumas/,204,/artist/8595/marlene-dumas/print-multiple/18623403/the-fog-of-war?p=3,https://imgprivate2.artprice.com/lots/MjA2MTg4OTQzMjA0ODk5NDE0LQ==/Nzc0NTY0NDE0OTIyMDQ1ODMxLQ==/MjA2OTgyMjgxNjg4NDg5MzgyMy0=/ODMwMjE2NTIyMTg1NDczODI5MjEt/sml,The Fog of War,,"Print-Multiple, Digital print,","17 3/4 , 14","8343,11124",,"Strauss & Co,South Africa"
/artist/8595/marlene-dumas/,508,/artist/8595/marlene-dumas/painting/18533073/dancer?p=3,https://imgprivate2.artprice.com/lots/MjA2MTg4OTQzMjA0ODk5NDE0LQ==/MTU4MjcxNTMwNjI3NjYxODIt/NzQ5MTY0Mjk0MzMwMDg1Njg4MTEt/NTg3NDIyMzI0MDUxNTU5NjQxOS0=/sml,"""Dancer""",(1999),"Painting, Oil/canvas,","21 5/8 , 15 7/8","600000,800000",570000,"Sotheby's,United States"
